hasAnchor	1
anonym	2
g37808	3
friedman	4
g38477	5
tutori	6
g36637	7
wa	8
g39538	9
mobil	a
g37704	b
interact	c
g38559	d
chamber	e
g40477	f
chaotic	10
g37881	11
messag	12
g38350	13
research	14
g37085	15
topic	16
g38136	17
announc	18
g38146	19
home	1a
g40172	1b
jim	1c
g36894	1d
zahorjan	1e
g37080	1f
constraint	20
g38558	21
metacrawl	22
g36846	23
process	24
g37766	25
univers	26
g38871	27
scienc	28
g37088	29
page	2a
g38865	2b
depart	2c
g37595	2d
educ	2e
g37760	2f
final	30
g38361	31
linden	32
g40063	33
g39298	34
softwar	35
g39344	36
www	37
g36570	38
pardo	39
g38512	3a
polici	3b
g36530	3c
alan	3d
g37986	3e
amp	3f
g40231	40
ed	41
g37840	42
comput	43
g37428	44
offic	45
g39855	46
method	47
g37538	48
perspect	49
g37512	4a
brad	4b
g36815	4c
quot	4d
g36816	4e
g37082	4f
seattl	50
problem	51
g37399	52
cse	53
g38126	54
effect	55
g36476	56
summari	57
g37943	58
uw	59
g37724	5a
link	5b
g36752	5c
chateau	5d
g36550	5e
g39710	5f
homepag	60
g40048	61
languag	62
g36583	63
g40357	64
perkowitz	65
g38815	66
steven	67
g37732	68
fix	69
g39999	6a
schedul	6b
g38182	6c
przemyslaw	6d
g39619	6e
gaetano	6f
g37659	70
stefan	71
g39599	72
spring	73
g38400	74
rout	75
intellig	76
g36778	77
g37121	78
g37208	79
g39179	7a
project	7b
g38348	7c
darren	7d
g38845	7e
g36805	7f
baer	80
g38183	81
g37499	82
adam	83
g37167	84
homework	85
g38009	86
zpl	87
g39836	88
etzioni	89
g39139	8a
g37123	8b
engin	8c
g37495	8d
richard	8e
g40226	8f
g38570	90
g37161	91
design	92
g38571	93
interfac	94
g37813	95
g38392	96
g36556	97
emac	98
g36890	99
g37609	9a
g40570	9b
algorithm	9c
g38557	9d
g40056	9e
object	9f
g37981	a0
g38158	a1
graduat	a2
g38624	a3
paper	a4
g37476	a5
greg	a6
g40068	a7
g37351	a8
g39617	a9
g40723	aa
imag	ab
g40593	ac
prof	ad
g38720	ae
softbot	af
g40114	b0
g39550	b1
back	b2
g39665	b3
susan	b4
g39635	b5
base	b6
g38249	b7
g37182	b8
imper	b9
eric	ba
g39021	bb
g37108	bc
ted	bd
g37675	be
autumn	bf
g38401	c0
g37220	c1
g37962	c2
automat	c3
g37401	c4
g39953	c5
commun	c6
g39363	c7
bookmark	c8
g37090	c9
g38303	ca
g38369	cb
washington	cc
g37625	cd
g39676	ce
virtual	cf
g36477	d0
technologi	d1
system	d2
public	d3
g39523	d4
g36779	d5
wind	d6
g36678	d7
assign	d8
g38129	d9
g38367	da
manag	db
g37734	dc
g36641	dd
mail	de
g38410	df
dynam	e0
g40504	e1
david	e2
g39115	e3
game	e4
g36781	e5
user	e6
g37748	e7
program	e8
g38364	e9
g37337	ea
confer	eb
g37506	ec
g37492	ed
choi	ee
g38353	ef
dion	f0
g36561	f1
graphic	f2
g37398	f3
forward	f4
g39716	f5
web	f6
g37788	f7
field	f8
g36584	f9
g37363	fa
g39835	fb
gener	fc
g36931	fd
previou	fe
g37242	ff
g38131	100
area	101
g38259	102
g39465	103
world	104
g38782	105
abstract	106
g37860	107
craig	108
g39075	109
galleri	10a
g37092	10b
g37215	10c
g37991	10d
pardyak	10e
g39612	10f
g39395	110
g37710	111
nautiy	112
g36777	113
g37442	114
style	115
g39833	116
g39998	117
g39241	118
g39263	119
g36465	11a
slide	11b
g38096	11c
g37408	11d
assist	11e
g38113	11f
ai	120
g36685	121
g37190	122
inform	123
g37129	124
g36921	125
book	126
g40714	127
g39112	128
detail	129
g39489	12a
date	12b
g36908	12c
g40429	12d
test	12e
g37935	12f
g37630	130
jack	131
g40718	132
g40560	133
rich	134
g40207	135
g37526	136
basic	137
g38148	138
g37862	139
g39357	13a
perform	13b
g36895	13c
lectur	13d
g37923	13e
g36886	13f
g36488	140
g36954	141
g40247	142
g38796	143
cronquist	144
g39438	145
anderson	146
g40414	147
net	148
g36990	149
g36941	14a
g39074	14b
quarter	14c
g38291	14d
jean	14e
g38251	14f
manual	150
g40102	151
g37703	152
g38209	153
info	154
g36843	155
g36725	156
g39073	157
marc	158
g40513	159
weekli	15a
g37473	15b
g37186	15c
g39881	15d
g38125	15e
g37470	15f
linda	160
g37733	161
g36534	162
peopl	163
g37779	164
time	165
g37670	166
g39475	167
dept	168
g40543	169
bricker	16a
g37376	16b
g38095	16c
section	16d
g36457	16e
g37644	16f
g38835	170
g37138	171
g37335	172
work	173
g36616	174
g36808	175
g39355	176
g39899	177
lo	178
g40736	179
g37600	17a
g38310	17b
g38456	17c
g38834	17d
g40261	17e
lauren	17f
g37653	180
g36828	181
joel	182
g38978	183
g38568	184
textbook	185
g37972	186
tullsen	187
g40733	188
g37812	189
dean	18a
g38691	18b
code	18c
g40505	18d
g36768	18e
g38127	18f
g38284	190
g36887	191
g38422	192
mike	193
g40094	194
g38564	195
read	196
g37007	197
g38610	198
g40024	199
g40501	19a
distribut	19b
savag	19c
g40323	19d
chinook	19e
g37883	19f
brian	1a0
g36793	1a1
jeremi	1a2
g39826	1a3
g37823	1a4
g37384	1a5
g37795	1a6
intro	1a7
g38352	1a8
pictur	1a9
g39972	1aa
internet	1ab
g36764	1ac
ph	1ad
g38615	1ae
list	1af
g39062	1b0
simul	1b1
g40482	1b2
g36851	1b3
g40125	1b4
paul	1b5
g37907	1b6
g36586	1b7
experi	1b8
g37420	1b9
g38935	1ba
g36645	1bb
g36464	1bc
g36773	1bd
g36759	1be
g37043	1bf
g39421	1c0
master	1c1
g37511	1c2
g40050	1c3
power	1c4
g38979	1c5
week	1c6
g36655	1c7
overview	1c8
g37645	1c9
bershad	1ca
g37014	1cb
skyblu	1cc
g37819	1cd
g37578	1ce
g40211	1cf
u164	1d0
g38483	1d1
g36460	1d2
g39268	1d3
g36619	1d4
g36906	1d5
g37847	1d6
stuff	1d7
g36746	1d8
g39915	1d9
g37192	1da
g37370	1db
data	1dc
g40724	1dd
g37650	1de
jason	1df
g39370	1e0
g36551	1e1
g36715	1e2
calendar	1e3
g38166	1e4
georg	1e5
g39368	1e6
g38292	1e7
g39387	1e8
g38162	1e9
g39173	1ea
plan	1eb
g37486	1ec
g37379	1ed
henri	1ee
g37147	1ef
voelker	1f0
g40188	1f1
class	1f2
g37618	1f3
g38722	1f4
g38521	1f5
g37666	1f6
anna	1f7
g37013	1f8
chou	1f9
g39439	1fa
g37586	1fb
resum	1fc
g37341	1fd
g37782	1fe
g38362	1ff
visitor	200
g38224	201
g36496	202
applet	203
g38431	204
debug	205
g37811	206
jakobovit	207
g40370	208
g36753	209
opal	20a
g40096	20b
g37828	20c
drive	20d
g37279	20e
linux	20f
g36696	210
g36590	211
g37738	212
g38599	213
mathemat	214
egger	215
g40727	216
g37565	217
g39699	218
g39096	219
g38721	21a
borriello	21b
student	21c
g36848	21d
tanimoto	21e
g37032	21f
g37070	220
g36521	221
william	222
g37329	223
g39495	224
orient	225
g40492	226
g37044	227
g36755	228
g39477	229
g37716	22a
guid	22b
g38055	22c
g36712	22d
compil	22e
g36660	22f
relat	230
g40280	231
g37185	232
g38650	233
run	234
g37961	235
g36707	236
grove	237
g38677	238
g36905	239
g36490	23a
g40205	23b
g37890	23c
g38939	23d
oren	23e
g37416	23f
g37443	240
person	241
g40031	242
g36568	243
vision	244
g36681	245
g39712	246
librari	247
g37817	248
g38365	249
shade	24a
g38673	24b
undergradu	24c
g36850	24d
g36988	24e
notkin	24f
g39742	250
g40461	251
ebel	252
g37529	253
g38737	254
group	255
g37462	256
g36508	257
g37183	258
g36571	259
g39806	25a
workshop	25b
g37624	25c
g39372	25d
g39719	25e
g39360	25f
g36950	260
g39358	261
sung	262
g39410	263
g39294	264
hank	265
g38282	266
store	267
g37250	268
forman	269
g40209	26a
g37563	26b
g37984	26c
shuichi	26d
g36670	26e
g38914	26f
g37686	270
molecular	271
g37494	272
g38356	273
g37815	274
g37978	275
g36574	276
g38300	277
g36963	278
g38992	279
g40189	27a
g38409	27b
g39376	27c
g38553	27d
larri	27e
g37876	27f
g38179	280
chamberlain	281
g40399	282
g38556	283
g39711	284
offer	285
g36716	286
g38515	287
g37684	288
g37769	289
creation	28a
g40013	28b
g36503	28c
mcmurchi	28d
g38295	28e
hour	28f
g37925	290
ta	291
g38961	292
g39986	293
g38193	294
grant	295
g39249	296
loup	297
g37193	298
g37825	299
g39579	29a
g38551	29b
g39397	29c
g37640	29d
g38509	29e
memori	29f
g36783	2a0
g37939	2a1
grade	2a2
g38236	2a3
interest	2a4
g40100	2a5
g38884	2a6
g39603	2a7
g38385	2a8
g40522	2a9
g39399	2aa
ortega	2ab
g39433	2ac
g39663	2ad
answer	2ae
g38338	2af
g37211	2b0
g39820	2b1
g40055	2b2
eun	2b3
g39035	2b4
g39325	2b5
g37305	2b6
g40713	2b7
activ	2b8
g37916	2b9
g36944	2ba
g39240	2bb
refer	2bc
g38187	2bd
g39588	2be
music	2bf
g38827	2c0
g38201	2c1
g39876	2c2
carl	2c3
g36739	2c4
g38238	2c5
g37510	2c6
g36695	2c7
carlson	2c8
g39901	2c9
g40545	2ca
g39970	2cb
solution	2cc
g38019	2cd
g36938	2ce
video	2cf
g39333	2d0
g39493	2d1
g37128	2d2
friend	2d3
g37685	2d4
g39717	2d5
g37607	2d6
g38210	2d7
g37690	2d8
movi	2d9
g36763	2da
g40464	2db
beam	2dc
g38881	2dd
g38297	2de
g39237	2df
good	2e0
g37203	2e1
logic	2e2
g37608	2e3
g38541	2e4
g37306	2e5
g38552	2e6
g39854	2e7
outlin	2e8
g37259	2e9
born	2ea
g39168	2eb
g36979	2ec
g37810	2ed
g36896	2ee
g38770	2ef
g37755	2f0
g38846	2f1
snyder	2f2
g37262	2f3
g36825	2f4
g39683	2f5
g40077	2f6
lab	2f7
g38056	2f8
art	2f9
g39111	2fa
g37414	2fb
g38611	2fc
keppel	2fd
g39255	2fe
g40586	2ff
year	300
g38229	301
g38930	302
g39605	303
g39962	304
g37222	305
g38647	306
g36955	307
g38424	308
sirer	309
g38636	30a
g39746	30b
g37874	30c
g40101	30d
g36933	30e
g40110	30f
g37861	310
g39134	311
g38012	312
g37412	313
g38860	314
g39819	315
g37431	316
g38423	317
g36965	318
geoff	319
g37801	31a
g37039	31b
g38200	31c
g36857	31d
sean	31e
g37303	31f
g38384	320
artifici	321
g38181	322
g40021	323
g38232	324
g37385	325
g40284	326
hous	327
g37503	328
g37867	329
html	32a
g37098	32b
g37308	32c
g37388	32d
g38218	32e
g39228	32f
g38287	330
g39678	331
g37626	332
g37590	333
g39955	334
g37369	335
g38837	336
g36760	337
g40553	338
session	339
g38062	33a
g37100	33b
g37745	33c
g38569	33d
g40630	33e
contact	33f
g40019	340
g38190	341
g38228	342
cecil	343
g37705	344
g39628	345
text	346
g38143	347
architectur	348
g37884	349
g40161	34a
g39501	34b
travel	34c
g36757	34d
g39038	34e
mosaic	34f
g37893	350
site	351
g37281	352
g38632	353
g40506	354
g38830	355
g38094	356
g38614	357
g39641	358
g39866	359
comment	35a
g38254	35b
g38885	35c
g39543	35d
levi	35e
g37149	35f
g39568	360
g38037	361
g36987	362
vortex	363
g39576	364
multi	365
g37735	366
g37680	367
g40529	368
koga	369
g38527	36a
g38814	36b
g40295	36c
g39336	36d
implem	36e
g37729	36f
g36728	370
g36914	371
g37719	372
g38116	373
g38223	374
g36722	375
g37583	376
g37086	377
franklin	378
g40382	379
g36487	37a
g39954	37b
g39535	37c
g38371	37d
g36484	37e
g37505	37f
g37225	380
g36538	381
map	382
g37224	383
g37569	384
g39595	385
g40472	386
g40365	387
salesin	388
g37683	389
g37513	38a
g38710	38b
g39637	38c
g40174	38d
g39178	38e
g39274	38f
g38217	390
baker	391
g39950	392
g40287	393
g37941	394
note	395
g38230	396
g40734	397
g39978	398
g38523	399
g40244	39a
g38774	39b
g37483	39c
g38526	39d
g38114	39e
g38682	39f
g37665	3a0
g39140	3a1
g36624	3a2
g39596	3a3
simon	3a4
g37058	3a5
g39251	3a6
g38132	3a7
g37391	3a8
g36659	3a9
g38956	3aa
g39071	3ab
g36625	3ac
servic	3ad
g39841	3ae
g36471	3af
g37461	3b0
shapiro	3b1
g37889	3b2
g40255	3b3
g37027	3b4
g37960	3b5
g37699	3b6
g40058	3b7
archiv	3b8
g39061	3b9
favorit	3ba
g37209	3bb
g37587	3bc
g38272	3bd
g40294	3be
g36518	3bf
g38020	3c0
g37015	3c1
romer	3c2
g38689	3c3
g39511	3c4
hassoun	3c5
g38838	3c6
g38416	3c7
g38153	3c8
g36529	3c9
errata	3ca
g38318	3cb
g37069	3cc
g38051	3cd
g37204	3ce
learn	3cf
g38248	3d0
environ	3d1
g39389	3d2
digit	3d3
g40728	3d4
spin	3d5
g36984	3d6
personnel	3d7
g39869	3d8
g37424	3d9
g38138	3da
g39687	3db
g38329	3dc
g36824	3dd
g39674	3de
g37539	3df
common	3e0
g38137	3e1
onlin	3e2
g37114	3e3
g37822	3e4
g39337	3e5
g40278	3e6
g38757	3e7
astronomi	3e8
g36770	3e9
g39942	3ea
g38363	3eb
g36545	3ec
g39209	3ed
g38366	3ee
u163	3ef
g40194	3f0
g37827	3f1
g37809	3f2
g40011	3f3
g38452	3f4
g38270	3f5
g36582	3f6
g36782	3f7
g38708	3f8
g38806	3f9
g37501	3fa
g37520	3fb
g39539	3fc
g38197	3fd
g38139	3fe
g36533	3ff
collabor	400
g36598	401
g36985	402
g40279	403
room	404
g36898	405
bio	406
g37197	407
g37508	408
christoph	409
g39762	40a
applic	40b
g37487	40c
g38013	40d
g38648	40e
g38612	40f
g39755	410
g38130	411
g39305	412
g39097	413
g37721	414
g37842	415
anim	416
g37853	417
g36981	418
g37267	419
g39183	41a
g39175	41b
g38430	41c
databas	41d
g40470	41e
g37845	41f
pub	420
tool	421
g38394	422
g37444	423
g37915	424
version	425
g37660	426
evalu	427
g38047	428
jon	429
g38878	42a
jeffrei	42b
g39578	42c
g37467	42d
g40286	42e
g38117	42f
g37854	430
g38065	431
g40720	432
g38061	433
g38092	434
pighin	435
g38169	436
g38288	437
g36600	438
g38053	439
g36718	43a
mvi	43b
g40245	43c
g37479	43d
g39354	43e
g37455	43f
g36992	440
g37643	441
g39304	442
g39362	443
g38753	444
g40277	445
cours	446
g39340	447
g37922	448
g37019	449
g39956	44a
g37657	44b
g37378	44c
g38703	44d
g39004	44e
g39120	44f
g38212	450
g36623	451
g37576	452
g38883	453
g37066	454
g37159	455
g37990	456
g36795	457
g36607	458
feelei	459
g37435	45a
g37975	45b
g37820	45c
g37251	45d
g37055	45e
g37245	45f
g38301	460
lee	461
g37012	462
technic	463
g37871	464
g39415	465
jeff	466
g38672	467
g37316	468
g37882	469
g37927	46a
document	46b
g37905	46c
g38174	46d
g39667	46e
g40533	46f
g37926	470
weather	471
g38490	472
g38644	473
g37968	474
g38140	475
g38408	476
g37074	477
g37246	478
g36899	479
g40131	47a
g37730	47b
g39187	47c
g37429	47d
g40104	47e
g39170	47f
g40282	480
g37025	481
hierarchi	482
g38565	483
g40719	484
g36993	485
g37629	486
g39492	487
g40303	488
g40112	489
g37899	48a
g38952	48b
g37517	48c
syllabu	48d
g38231	48e
g38781	48f
g38946	490
neil	491
g40473	492
g38453	493
g37673	494
progress	495
g37649	496
g38290	497
g40274	498
g39108	499
g38773	49a
racquetbal	49b
g39422	49c
g38043	49d
g38105	49e
g37202	49f
g39680	4a0
g39917	4a1
g36672	4a2
metip	4a3
g39952	4a4
g38397	4a5
g36750	4a6
propag	4a7
g37930	4a8
g38818	4a9
g38000	4aa
g38933	4ab
g38833	4ac
g38279	4ad
g40730	4ae
g38788	4af
g37768	4b0
g37397	4b1
g38207	4b2
g40204	4b3
g39161	4b4
g37472	4b5
g39383	4b6
emin	4b7
g39607	4b8
g39722	4b9
g36603	4ba
g36455	4bb
g37336	4bc
g37158	4bd
g36928	4be
laboratori	4bf
g39113	4c0
g36620	4c1
separ	4c2
g37150	4c3
g38762	4c4
g38417	4c5
g36578	4c6
g38076	4c7
g37668	4c8
g37405	4c9
local	4ca
g38653	4cb
g39520	4cc
g36541	4cd
g39547	4ce
g37395	4cf
g39473	4d0
g40108	4d1
g36738	4d2
centuri	4d3
g39116	4d4
g36565	4d5
g37885	4d6
g40554	4d7
g37481	4d8
g37725	4d9
g37228	4da
g37450	4db
g39176	4dc
g36557	4dd
dan	4de
g37326	4df
chan	4e0
g38888	4e1
g38345	4e2
professor	4e3
g38771	4e4
g37157	4e5
g38616	4e6
g37474	4e7
studi	4e8
g38086	4e9
g37497	4ea
g39729	4eb
g38954	4ec
g39373	4ed
g37971	4ee
g38393	4ef
g40639	4f0
g38797	4f1
g36458	4f2
g37373	4f3
seminar	4f4
g36492	4f5
sieg	4f6
g37372	4f7
g40311	4f8
g37701	4f9
g40216	4fa
g39577	4fb
g37821	4fc
g39262	4fd
g37605	4fe
g36953	4ff
g39684	500
g36823	501
g39996	502
g37537	503
g36838	504
g37226	505
g39573	506
g38339	507
g39556	508
g36837	509
g36531	50a
g40155	50b
g39110	50c
g40272	50d
g37575	50e
g37895	50f
g36867	510
g39669	511
g39117	512
andi	513
g37830	514
g38255	515
g40202	516
grail	517
g37771	518
g37362	519
g40289	51a
g37567	51b
g37154	51c
g38253	51d
g38936	51e
agent	51f
g40217	520
g37940	521
g38060	522
g39310	523
g36639	524
g39250	525
g39582	526
g36925	527
g39313	528
g38119	529
solver	52a
g37992	52b
mckenzi	52c
g39407	52d
g40151	52e
g37522	52f
g38358	530
g39724	531
g36967	532
wide	533
g40164	534
g40288	535
g37528	536
g38045	537
g37485	538
g38445	539
g38857	53a
g37585	53b
g37947	53c
g36871	53d
g37591	53e
g38567	53f
g37087	540
g37460	541
g38510	542
exam	543
g37937	544
g39769	545
g38285	546
g39283	547
g40457	548
g40259	549
g37438	54a
g36956	54b
g38296	54c
g36829	54d
g37855	54e
g39211	54f
g38468	550
g37568	551
g38776	552
g38816	553
g38122	554
g38963	555
g36922	556
g38791	557
g40075	558
g38001	559
g40412	55a
g37452	55b
g40539	55c
g39531	55d
finger	55e
g40544	55f
midterm	560
g38118	561
g36999	562
g37829	563
g38067	564
g37301	565
g38286	566
g39320	567
g38937	568
g39516	569
suggest	56a
g36951	56b
java	56c
g36478	56d
g37469	56e
gun	56f
g39638	570
g39734	571
g36572	572
g36610	573
g39381	574
g36721	575
g37321	576
g39301	577
g37580	578
g37619	579
g36748	57a
g39463	57b
g39640	57c
g38226	57d
high	57e
numer	57f
g37601	580
g38370	581
g38342	582
g38089	583
fun	584
configur	585
g39288	586
g38168	587
featur	588
g36877	589
g37280	58a
g39609	58b
g38887	58c
g36986	58d
g36940	58e
g38851	58f
g39171	590
g38154	591
g40193	592
g36723	593
g36947	594
g39485	595
g39230	596
g37797	597
g39925	598
g39731	599
philipos	59a
g39246	59b
g38165	59c
g37389	59d
g38077	59e
g37611	59f
g40032	5a0
g39371	5a1
g39448	5a2
g39932	5a3
g39442	5a4
trace	5a5
g36661	5a6
g40116	5a7
g37631	5a8
g39946	5a9
g39319	5aa
g39297	5ab
construct	5ac
g38764	5ad
instruct	5ae
g39408	5af
g39184	5b0
g38150	5b1
g40476	5b2
g37814	5b3
g37191	5b4
g37901	5b5
g37346	5b6
g39000	5b7
g38121	5b8
g36952	5b9
g38505	5ba
g40246	5bb
g39210	5bc
g39524	5bd
g39099	5be
g36640	5bf
g38466	5c0
g37003	5c1
g37533	5c2
g38029	5c3
g40455	5c4
g37466	5c5
sampl	5c6
g39597	5c7
g38104	5c8
g38298	5c9
g36498	5ca
machin	5cb
steve	5cc
g39366	5cd
keith	5ce
g40520	5cf
g36526	5d0
g40252	5d1
g36493	5d2
g40051	5d3
g39248	5d4
g38831	5d5
g40103	5d6
g39222	5d7
g39510	5d8
g37824	5d9
g39328	5da
g38767	5db
uuml	5dc
academ	5dd
g36727	5de
g38853	5df
ladner	5e0
g37107	5e1
g39323	5e2
g38091	5e3
g37702	5e4
g37272	5e5
g38852	5e6
current	5e7
g37243	5e8
michael	5e9
g38461	5ea
g39291	5eb
g37146	5ec
g37679	5ed
g36978	5ee
g38630	5ef
g40020	5f0
g40165	5f1
g37887	5f2
biologi	5f3
g37101	5f4
g36852	5f5
g36827	5f6
g36667	5f7
g37239	5f8
g38227	5f9
g40565	5fa
g36745	5fb
g36500	5fc
industri	5fd
g36628	5fe
g36889	5ff
g40195	600
g38151	601
g38128	602
g37320	603
g37258	604
g39214	605
g37818	606
tutor	607
g39594	608
g40731	609
g38007	60a
month	60b
g37400	60c
g36786	60d
g37127	60e
sourc	60f
g37798	610
g38335	611
g36470	612
g36652	613
articl	614
g39939	615
g38085	616
g36647	617
g38868	618
g39254	619
pointer	61a
g37126	61b
g40726	61c
resourc	61d
g39469	61e
g38800	61f
discuss	620
g38258	621
g36834	622
g39135	623
g38088	624
g40397	625
directori	626
g38464	627
g36495	628
g38195	629
g37869	62a
jonathan	62b
g39316	62c
g38717	62d
g37328	62e
g40168	62f
karlin	630
oper	631
g37841	632
g37549	633
g39944	634
g39293	635
g38894	636
andrew	637
g39315	638
g40183	639
g37623	63a
g40092	63b
g36915	63c
lopez	63d
g40422	63e
parallel	63f
g36491	640
g37839	641
g39324	642
g39686	643
profession	644
g37647	645
g38469	646
g36810	647
g36636	648
g39490	649
g40036	64a
g38821	64b
g36934	64c
g37833	64d
g37816	64e
g37253	64f
g36552	650
g37334	651
g39479	652
g37954	653
g39051	654
g38030	655
g39602	656
g39604	657
g39920	658
report	659
safeti	65a
g40248	65b
g39369	65c
g38219	65d
g37223	65e
g37238	65f
g38547	660
g38264	661
g39482	662
g38325	663
g38299	664
g38679	665
g40563	666
sun	667
g38241	668
g40517	669
g39642	66a
g36705	66b
g39331	66c
g37646	66d
g38875	66e
g40012	66f
g37959	670
g37059	671
jbuhler	672
g38919	673
g38256	674
g38475	675
g38306	676
analysi	677
g36474	678
exponenti	679
g40115	67a
quiz	67b
g36635	67c
g38869	67d
g38304	67e
g37661	67f
g40200	680
g37148	681
g37873	682
g36751	683
g38313	684
g40562	685
netscap	686
g37966	687
g39234	688
g39837	689
g37985	68a
g37540	68b
g37356	68c
g39725	68d
g38265	68e
g37957	68f
lazowska	690
g39156	691
g37227	692
g40054	693
g36666	694
g36901	695
g37974	696
pai	697
g39199	698
g39913	699
g37131	69a
g39548	69b
g37359	69c
event	69d
g38027	69e
chao	69f
g37598	6a0
g36714	6a1
golden	6a2
g40206	6a3
g37998	6a4
g38103	6a5
vita	6a6
g36548	6a7
school	6a8
g40239	6a9
g38005	6aa
g38829	6ab
g37120	6ac
g37507	6ad
g38413	6ae
kaleidoscop	6af
g39109	6b0
g39227	6b1
g36634	6b2
g39518	6b3
g40029	6b4
john	6b5
g40432	6b6
g38072	6b7
g37664	6b8
g37104	6b9
g37358	6ba
tech	6bb
g36840	6bc
g37677	6bd
g40607	6be
g36806	6bf
g38451	6c0
structur	6c1
g37309	6c2
g38308	6c3
g39144	6c4
g37423	6c5
g39574	6c6
g39618	6c7
g37776	6c8
g36740	6c9
g38180	6ca
benchmark	6cb
g37692	6cc
g36473	6cd
g40257	6ce
g39921	6cf
g39437	6d0
kevin	6d1
g39412	6d2
g38262	6d3
g36968	6d4
g38049	6d5
collect	6d6
g36932	6d7
g36480	6d8
g39434	6d9
g37518	6da
g37616	6db
g36977	6dc
g37525	6dd
g37535	6de
g40540	6df
g36872	6e0
g40173	6e1
g37097	6e2
g37153	6e3
g38341	6e4
g39601	6e5
jame	6e6
g38576	6e7
g38188	6e8
g38354	6e9
g38676	6ea
g37383	6eb
g36706	6ec
g38152	6ed
g38042	6ee
g40480	6ef
g38334	6f0
g38530	6f1
g37038	6f2
g37700	6f3
g38794	6f4
g40341	6f5
g39508	6f6
g40555	6f7
g38707	6f8
g37556	6f9
g39409	6fa
g36841	6fb
g40383	6fc
g39589	6fd
quizz	6fe
g38415	6ff
g36614	700
g38550	701
g37073	702
g37903	703
g38826	704
lisp	705
g37195	706
g37381	707
g39181	708
g37727	709
g36720	70a
g38555	70b
g39553	70c
g40682	70d
g38540	70e
g37145	70f
g40213	710
bad	711
electr	712
g36747	713
chines	714
g39257	715
g37826	716
g36690	717
g39689	718
g39204	719
g40558	71a
g36674	71b
g39730	71c
g37654	71d
import	71e
g37912	71f
g38455	720
g38221	721
g38728	722
g37802	723
g36732	724
g39327	725
g39385	726
g38305	727
g37772	728
g40409	729
g37863	72a
g37993	72b
g38186	72c
scott	72d
g39429	72e
g37633	72f
g38561	730
g40556	731
g39611	732
g39895	733
g39391	734
g37786	735
g36883	736
g38876	737
optim	738
g36919	739
build	73a
g37573	73b
g39460	73c
g37432	73d
g39361	73e
g40000	73f
g38160	740
member	741
g40403	742
g37641	743
g39342	744
g38225	745
g37382	746
g38057	747
g38427	748
g39803	749
recent	74a
g39497	74b
g38870	74c
g39169	74d
g36504	74e
g37713	74f
g36911	750
g40390	751
g37877	752
g38643	753
advanc	754
g37028	755
g37698	756
g37144	757
g38566	758
g38196	759
g40335	75a
g36855	75b
g40628	75c
g36595	75d
g37774	75e
g38133	75f
g36909	760
g39517	761
g40384	762
g36839	763
g37415	764
g38033	765
g38792	766
implement	767
g37973	768
g38164	769
g39805	76a
g36566	76b
g37902	76c
g37612	76d
g39606	76e
g37152	76f
g40499	770
g38135	771
g36918	772
g39620	773
g37457	774
g40079	775
martin	776
g37547	777
g37188	778
g39270	779
g38068	77a
g37715	77b
g37212	77c
g38386	77d
g38034	77e
g39141	77f
g39413	780
g39220	781
synthesi	782
g39916	783
g36662	784
g38326	785
g39079	786
g38267	787
g37541	788
g40590	789
g37691	78a
g36749	78b
reason	78c
g38795	78d
g37377	78e
g39923	78f
g36621	790
g37001	791
g40301	792
g37394	793
g39436	794
g37072	795
g38690	796
g37746	797
g39987	798
g37489	799
g39487	79a
g36813	79b
dougla	79c
isi	79d
g38491	79e
g38156	79f
g36907	7a0
g37908	7a1
g40169	7a2
g37206	7a3
g38317	7a4
g38101	7a5
g37714	7a6
g39114	7a7
g36785	7a8
g37963	7a9
g38832	7aa
danc	7ab
g38600	7ac
support	7ad
g37711	7ae
bibliographi	7af
g37176	7b0
g37989	7b1
g39590	7b2
g37410	7b3
g39532	7b4
g37263	7b5
g40215	7b6
g37846	7b7
g37851	7b8
g40629	7b9
g37856	7ba
g39129	7bb
g40604	7bc
model	7bd
g37584	7be
g37155	7bf
g39481	7c0
curriculum	7c1
introduct	7c2
g39341	7c3
g38269	7c4
g39212	7c5
g38368	7c6
g38235	7c7
g38801	7c8
g36577	7c9
g39261	7ca
g38820	7cb
g39759	7cc
g40401	7cd
g40377	7ce
g37979	7cf
g40648	7d0
g38563	7d1
g40186	7d2
g36923	7d3
autom	7d4
g37162	7d5
g37036	7d6
g37767	7d7
g37594	7d8
g38825	7d9
g39948	7da
g37314	7db
g37062	7dc
g39406	7dd
g36658	7de
dewei	7df
g38349	7e0
g36510	7e1
g39621	7e2
g38202	7e3
g36811	7e4
turn	7e5
write	7e6
g36558	7e7
g36863	7e8
cover	7e9
g37365	7ea
g40479	7eb
g38084	7ec
g37805	7ed
g40574	7ee
g37403	7ef
g39552	7f0
g36789	7f1
g37599	7f2
g39423	7f3
g38081	7f4
g37071	7f5
review	7f6
scientif	7f7
g37844	7f8
g38426	7f9
g37967	7fa
g39951	7fb
g39208	7fc
g38613	7fd
g36798	7fe
g38962	7ff
g39307	800
hw	801
g37615	802
g39216	803
g38750	804
g38234	805
g38263	806
demo	807
half	808
g39630	809
g37463	80a
g39964	80b
g37550	80c
g38017	80d
g37437	80e
g37956	80f
window	810
g37980	811
g39401	812
g39086	813
g39232	814
g37834	815
g37753	816
g39452	817
g37697	818
g39125	819
g38596	81a
g38799	81b
network	81c
g37628	81d
g39206	81e
g39106	81f
g37969	820
g36547	821
g38035	822
g36703	823
g40442	824
g40715	825
g38768	826
g38080	827
g38008	828
g38390	829
g39824	82a
g37613	82b
g38584	82c
g39536	82d
g36657	82e
g37213	82f
g39393	830
g38398	831
g37906	832
g38578	833
hong	834
g40371	835
g40611	836
g39244	837
g39499	838
g38882	839
g37859	83a
g37490	83b
g38079	83c
g37562	83d
g36466	83e
g40519	83f
g37454	840
g38100	841
g38004	842
g40735	843
g36593	844
g36904	845
g39636	846
g38237	847
g39167	848
g38562	849
g40471	84a
g39219	84b
g39509	84c
g40223	84d
g37548	84e
g38149	84f
g39118	850
g39444	851
g37588	852
dai	853
g37210	854
g40291	855
g40428	856
g38323	857
g37315	858
g38161	859
g37924	85a
nathan	85b
g37519	85c
g36644	85d
g39879	85e
g40147	85f
g39317	860
g40589	861
g38444	862
g39282	863
g38002	864
g39878	865
g39338	866
g40290	867
g39142	868
g37672	869
g38144	86a
handout	86b
g38026	86c
g39107	86d
g37536	86e
g39926	86f
g38793	870
g38798	871
g38810	872
g39070	873
g38740	874
g39626	875
g37637	876
g38214	877
g38634	878
u162	879
g36833	87a
g38192	87b
past	87c
g38184	87d
g36735	87e
audio	87f
g39927	880
g39200	881
g37918	882
g40503	883
g36507	884
unix	885
g37965	886
extens	887
g40502	888
g37304	889
g39414	88a
wilson	88b
g39217	88c
g39593	88d
g38841	88e
integr	88f
g38822	890
g38071	891
g38109	892
g38942	893
persist	894
g36835	895
g40460	896
g40398	897
smith	898
g38333	899
g37264	89a
g37789	89b
g39037	89c
g36881	89d
g37958	89e
g36592	89f
g40271	8a0
g37130	8a1
g37434	8a2
g38811	8a3
fpga	8a4
g40071	8a5
g38082	8a6
question	8a7
kei	8a8
g37361	8a9
g40015	8aa
g38579	8ab
g38106	8ac
g36702	8ad
g38011	8ae
ausland	8af
tian	8b0
g39825	8b1
g38028	8b2
g39639	8b3
g38459	8b4
g38529	8b5
g38573	8b6
g37564	8b7
g36788	8b8
g40190	8b9
g37936	8ba
g38433	8bb
g38069	8bc
g38115	8bd
g37498	8be
g38807	8bf
g39634	8c0
set	8c1
g39912	8c2
g36673	8c3
g37189	8c4
g38294	8c5
queri	8c6
g40361	8c7
g40198	8c8
g36820	8c9
g40090	8ca
g36844	8cb
g39347	8cc
g37488	8cd
postscript	8ce
g37952	8cf
g40007	8d0
g39610	8d1
g36730	8d2
g36943	8d3
g39346	8d4
g38191	8d5
g36724	8d6
g37417	8d7
g39339	8d8
g37042	8d9
dave	8da
g40446	8db
g37386	8dc
g38473	8dd
return	8de
g36615	8df
g39188	8e0
g38097	8e1
g37009	8e2
charl	8e3
g39624	8e4
g38074	8e5
g36729	8e6
g39253	8e7
g38858	8e8
g36792	8e9
g40208	8ea
g36926	8eb
g40023	8ec
cool	8ed
g39818	8ee
g38058	8ef
g37667	8f0
g37006	8f1
g36998	8f2
g37484	8f3
g36683	8f4
g37198	8f5
legal	8f6
g36648	8f7
g38725	8f8
journal	8f9
g38324	8fa
dissert	8fb
level	8fc
g38307	8fd
g38850	8fe
g39521	8ff
g38108	900
g38167	901
g37063	902
g38173	903
g36643	904
g36860	905
g37988	906
g37606	907
g38194	908
g39681	909
g38809	90a
g37318	90b
g38320	90c
g37718	90d
g38470	90e
g40113	90f
g37931	910
g36689	911
g37096	912
parent	913
g39090	914
g39467	915
g39365	916
g38916	917
g36879	918
g38808	919
g37360	91a
g39471	91b
g38093	91c
g39549	91d
g37778	91e
g40276	91f
g40375	920
g40408	921
g36668	922
g36708	923
g36807	924
issu	925
g37199	926
g37441	927
g39542	928
g40027	929
g37261	92a
g39736	92b
g39152	92c
g37917	92d
g38064	92e
g36475	92f
facil	930
g39154	931
g40521	932
g37023	933
g36799	934
g39632	935
g38872	936
g39795	937
g39629	938
g36802	939
qualifi	93a
g36854	93b
g39321	93c
g38018	93d
index	93e
g37635	93f
g37636	940
g39273	941
g36818	942
g36791	943
g40327	944
g37022	945
g37773	946
search	947
g37572	948
g37459	949
g36897	94a
g38844	94b
g38645	94c
g39997	94d
g37406	94e
g40022	94f
g40218	950
g38016	951
g39631	952
g39566	953
g38319	954
g39166	955
g38280	956
g37602	957
g36697	958
g38391	959
g40260	95a
g38388	95b
g39221	95c
g40010	95d
server	95e
g36804	95f
g39229	960
g36880	961
g39949	962
g37557	963
g37480	964
g39513	965
g37911	966
g38594	967
g36969	968
g37933	969
g37465	96a
g37758	96b
g37344	96c
g38155	96d
g39312	96e
g37574	96f
visual	970
g37736	971
g38704	972
g39591	973
g37413	974
g37018	975
g40266	976
g37350	977
g39072	978
g40413	979
g37777	97a
g38347	97b
center	97c
g38343	97d
g40263	97e
g40549	97f
g38861	980
g40510	981
g37419	982
g38843	983
g37790	984
g36994	985
g36754	986
g36946	987
g37266	988
g40337	989
g40105	98a
g39902	98b
g36772	98c
send	98d
g37781	98e
g39914	98f
g36997	990
g36945	991
g39891	992
g36559	993
g40177	994
access	995
g37366	996
g39598	997
g39164	998
g38457	999
g38549	99a
g36594	99b
g40095	99c
g39969	99d
g39514	99e
g36711	99f
g40176	9a0
g37516	9a1
g37904	9a2
g40441	9a3
g38412	9a4
g38943	9a5
g39201	9a6
g36576	9a7
g40258	9a8
g37393	9a9
g37353	9aa
g37759	9ab
g37010	9ac
g36631	9ad
g37319	9ae
g38102	9af
g36512	9b0
g36744	9b1
g39976	9b2
g36853	9b3
g36511	9b4
g38931	9b5
g36613	9b6
nick	9b7
g40524	9b8
g40344	9b9
g37034	9ba
robert	9bb
g39192	9bc
g40498	9bd
g37909	9be
g37750	9bf
g37477	9c0
g37229	9c1
g38111	9c2
g40262	9c3
g38513	9c4
g37312	9c5
g39332	9c6
g38382	9c7
g38276	9c8
g37299	9c9
g37532	9ca
g36532	9cb
g39709	9cc
g38163	9cd
g40251	9ce
g38718	9cf
g40273	9d0
g37944	9d1
g36842	9d2
g39627	9d3
g37531	9d4
g36847	9d5
g38052	9d6
g36664	9d7
g40089	9d8
ii	9d9
g38877	9da
g40232	9db
g38024	9dc
g37897	9dd
g38010	9de
g40355	9df
g36822	9e0
g40254	9e1
g40536	9e2
g36608	9e3
g36717	9e4
g39922	9e5
g39284	9e6
g38685	9e7
g38331	9e8
g40129	9e9
g39374	9ea
g40170	9eb
g39322	9ec
g39614	9ed
g40159	9ee
chri	9ef
g38842	9f0
g36546	9f1
g39600	9f2
g39300	9f3
g39569	9f4
g39377	9f5
standard	9f6
g39500	9f7
g38099	9f8
g40595	9f9
g39958	9fa
g37244	9fb
don	9fc
g39541	9fd
g39622	9fe
g38014	9ff
g37374	a00
g40600	a01
g38817	a02
g39726	a03
g37652	a04
click	a05
g38960	a06
g36486	a07
g38479	a08
g38554	a09
g37632	a0a
g36775	a0b
g36939	a0c
g39940	a0d
g38312	a0e
g38406	a0f
g40591	a10
g36537	a11
transform	a12
g37763	a13
g40269	a14
g36525	a15
g40721	a16
g36513	a17
g37163	a18
g38176	a19
g39149	a1a
g38083	a1b
g37035	a1c
g39159	a1d
g37139	a1e
marku	a1f
g39247	a20
g40481	a21
g37622	a22
g36758	a23
g39672	a24
g39560	a25
g36567	a26
g37524	a27
g37792	a28
g36686	a29
philosophi	a2a
g39330	a2b
g38066	a2c
g40315	a2d
g39488	a2e
g37603	a2f
g38178	a30
g36456	a31
g37878	a32
g36819	a33
g38075	a34
g36935	a35
g36544	a36
g37057	a37
g37807	a38
g37996	a39
g36991	a3a
g40541	a3b
g39348	a3c
g39941	a3d
g40281	a3e
g40605	a3f
g37091	a40
g38418	a41
g40228	a42
g38590	a43
g38805	a44
g38465	a45
g37864	a46
grad	a47
g40270	a48
g39280	a49
g37448	a4a
g40334	a4b
g37118	a4c
g36555	a4d
g40500	a4e
g37515	a4f
g36784	a50
g40647	a51
g38159	a52
g37848	a53
g36832	a54
g39592	a55
g37982	a56
g39308	a57
g39259	a58
g36596	a59
g40264	a5a
linear	a5b
g37343	a5c
g36982	a5d
g40378	a5e
g37017	a5f
g39233	a60
g37639	a61
g39193	a62
g38421	a63
g39571	a64
g38395	a65
g39968	a66
g38330	a67
g37938	a68
g38407	a69
g40285	a6a
g37181	a6b
g38275	a6c
g37002	a6d
g37706	a6e
famili	a6f
g36865	a70
g36803	a71
g39069	a72
g38025	a73
g38681	a74
g40381	a75
g38289	a76
g37436	a77
g37269	a78
g40571	a79
photo	a7a
g37219	a7b
g37977	a7c
g40249	a7d
g36767	a7e
g37078	a7f
g40594	a80
g39441	a81
g38651	a82
g40034	a83
g40035	a84
form	a85
g38021	a86
g37446	a87
g37942	a88
g38560	a89
g38879	a8a
g38980	a8b
g38496	a8c
g37617	a8d
g37689	a8e
g36505	a8f
g40509	a90
g36563	a91
visit	a92
g40437	a93
g39163	a94
g38006	a95
g40392	a96
g39615	a97
g40627	a98
g40367	a99
g40018	a9a
g39496	a9b
g39625	a9c
g40253	a9d
g38059	a9e
g38544	a9f
g39567	aa0
g38705	aa1
staff	aa2
g38098	aa3
g37241	aa4
g39506	aa5
g38692	aa6
g38649	aa7
g39760	aa8
g39157	aa9
g40191	aaa
g39311	aab
g40256	aac
g37764	aad
g40267	aae
g39890	aaf
g36713	ab0
g37065	ab1
g38041	ab2
g39349	ab3
g39430	ab4
g37858	ab5
committe	ab6
g37164	ab7
g36656	ab8
g40443	ab9
g39943	aba
g37268	abb
g38257	abc
g39153	abd
g37081	abe
g37752	abf
g36522	ac0
g40396	ac1
g37201	ac2
g36459	ac3
g38327	ac4
g38873	ac5
g40160	ac6
g37345	ac7
g38674	ac8
g37756	ac9
g39426	aca
g37621	acb
g37747	acc
g38141	acd
g36910	ace
g36885	acf
g38344	ad0
g36468	ad1
g40683	ad2
g40449	ad3
g38414	ad4
g37731	ad5
g37254	ad6
g37852	ad7
g37787	ad8
g38387	ad9
g38859	ada
g37900	adb
g39525	adc
g36961	add
g40692	ade
g39960	adf
g37284	ae0
media	ae1
g38803	ae2
g39215	ae3
g36930	ae4
g37313	ae5
g40033	ae6
g38293	ae7
g39623	ae8
g38087	ae9
g39706	aea
g40374	aeb
g37008	aec
instructor	aed
g40318	aee
g38396	aef
g37427	af0
g38489	af1
g37151	af2
g37061	af3
g36609	af4
g37849	af5
g37283	af6
g37658	af7
g39006	af8
g39281	af9
g37218	afa
g39661	afb
g36581	afc
g40293	afd
g38575	afe
g40028	aff
g37720	b00
g39289	b01
g40296	b02
g37331	b03
g40292	b04
g37560	b05
g39768	b06
g36949	b07
g37831	b08
g40275	b09
g37478	b0a
g40030	b0b
g37310	b0c
g36502	b0d
g38023	b0e
g37955	b0f
g37898	b10
function	b11
g37983	b12
g38157	b13
associ	b14
g40354	b15
g38812	b16
g37196	b17
g38670	b18
g39151	b19
g39443	b1a
g36794	b1b
g37934	b1c
g37077	b1d
g38678	b1e
g36461	b1f
g38454	b20
g37999	b21
g38015	b22
g40340	b23
g40411	b24
g37896	b25
g38177	b26
g36499	b27
g37156	b28
hall	b29
g37722	b2a
descript	b2b
g37678	b2c
g37872	b2d
g37688	b2e
g36523	b2f
g37287	b30
g38572	b31
g38054	b32
g37712	b33
g40386	b34
teach	b35
g38675	b36
g37655	b37
g39608	b38
g37857	b39
g39616	b3a
fall	b3b
g40221	b3c
materi	b3d
g37504	b3e
g38063	b3f
g37708	b40
g39205	b41
g37134	b42
g37064	b43
g40283	b44
g37741	b45
g39286	b46
g37102	b47
g40444	b48
g39411	b49
g40250	b4a
g40393	b4b
g38519	b4c
g37256	b4d
g37327	b4e
g38886	b4f
g37932	b50
g39804	b51
g36971	b52
g37648	b53
g39633	b54
g37099	b55
g38337	b56
g38316	b57
g40016	b58
g37135	b59
g40178	b5a
g39770	b5b
g37240	b5c
g39277	b5d
g39848	b5e
g37052	b5f
select	b60
g37800	b61
g37791	b62
g39671	b63
g39292	b64
g37033	b65
g40014	b66
g40391	b67
g37054	b68
g40233	b69
g37133	b6a
fund	b6b
g38332	b6c
g37953	b6d
addition	b6e
g40526	b6f
g40336	b70
g40431	b71
g37530	b72
g37997	b73
g38175	b74
g38245	b75
g39303	b76
g40424	b77
g38790	b78
g38022	b79
g37850	b7a
g37910	b7b
g36698	b7c
g37870	b7d
g38070	b7e
g38828	b7f
g40394	b80
g40148	b81
g36700	b82
g37785	b83
g36903	b84
g40351	b85
g40488	b86
g40265	b87
g40025	b88
g37273	b89
g40268	b8a
g37799	b8b
g37084	b8c
g39162	b8d
linkTo	b8e
u104	b8f
u1915	b90
g37172	b91
u35	b92
u2062	b93
u138	b94
u2485	b95
u2411	b96
u2339	b97
u1939	b98
u2374	b99
u2387	b9a
u2397	b9b
u119	b9c
u1872	b9d
u1932	b9e
u93	b9f
g38765	ba0
u2207	ba1
u2004	ba2
u1856	ba3
u36	ba4
u2353	ba5
u2426	ba6
g39146	ba7
u2163	ba8
u147	ba9
u52	baa
u33	bab
u152	bac
u2046	bad
u40	bae
g39775	baf
u2053	bb0
u2052	bb1
u2433	bb2
u2313	bb3
u2155	bb4
u14	bb5
u158	bb6
u2077	bb7
g39777	bb8
u2051	bb9
g36612	bba
u105	bbb
u2254	bbc
u2158	bbd
u2098	bbe
u2096	bbf
u2087	bc0
u124	bc1
g40528	bc2
u1897	bc3
u1906	bc4
g40152	bc5
u1980	bc6
u58	bc7
g37232	bc8
u27	bc9
u2010	bca
u139	bcb
u2459	bcc
g36817	bcd
u81	bce
u2591	bcf
u1884	bd0
u43	bd1
u1	bd2
u2233	bd3
u1855	bd4
u2008	bd5
u2011	bd6
u26	bd7
u1892	bd8
u1936	bd9
u2266	bda
u1981	bdb
u1982	bdc
u1857	bdd
u2120	bde
g39150	bdf
u142	be0
g37105	be1
u41	be2
u1996	be3
u54	be4
u2243	be5
u2127	be6
g38040	be7
u2383	be8
u2384	be9
u2269	bea
u2274	beb
u2085	bec
u129	bed
g36599	bee
u107	bef
u1900	bf0
u2438	bf1
u128	bf2
u100	bf3
u2658	bf4
u2884	bf5
u1933	bf6
u112	bf7
u1938	bf8
u2380	bf9
u2187	bfa
u2034	bfb
u2752	bfc
u29	bfd
u2526	bfe
u95	bff
g40406	c00
u121	c01
u2440	c02
u140	c03
u146	c04
u2084	c05
u159	c06
u1941	c07
u2836	c08
u2614	c09
u2249	c0a
u2092	c0b
u2088	c0c
u156	c0d
u2444	c0e
u2108	c0f
u2272	c10
g37030	c11
u49	c12
u2689	c13
u2143	c14
g40364	c15
u31	c16
u2018	c17
u2019	c18
u2136	c19
u1873	c1a
u1851	c1b
u135	c1c
u1863	c1d
u123	c1e
u2639	c1f
u2000	c20
u2090	c21
u2220	c22
u1970	c23
g39275	c24
u1989	c25
u2142	c26
u2405	c27
u2799	c28
u2141	c29
u2367	c2a
u2778	c2b
u2128	c2c
g39245	c2d
u2146	c2e
u148	c2f
u2475	c30
u60	c31
u2437	c32
g36519	c33
u116	c34
u1912	c35
u2015	c36
u2198	c37
u2129	c38
u3	c39
u2728	c3a
u1882	c3b
u2771	c3c
u157	c3d
u2196	c3e
u1913	c3f
g38378	c40
u2050	c41
u1911	c42
u46	c43
u2692	c44
g37095	c45
u2550	c46
u89	c47
u2784	c48
g39367	c49
u2132	c4a
u94	c4b
u2408	c4c
u2409	c4d
u2226	c4e
u1924	c4f
u1926	c50
g39545	c51
u2089	c52
g36875	c53
u71	c54
u2231	c55
u149	c56
u32	c57
u2534	c58
u6	c59
u1951	c5a
u83	c5b
u2669	c5c
u2225	c5d
u20	c5e
u97	c5f
u2665	c60
u2100	c61
u2134	c62
u57	c63
u2568	c64
u2118	c65
u2	c66
u2416	c67
u2417	c68
u2265	c69
u2264	c6a
u2535	c6b
u34	c6c
u2066	c6d
u55	c6e
u69	c6f
u1968	c70
u108	c71
u2828	c72
u1878	c73
u85	c74
u2199	c75
u1959	c76
u2188	c77
u2592	c78
u2012	c79
u2067	c7a
g40581	c7b
u1877	c7c
u1879	c7d
g39703	c7e
u2069	c7f
u2206	c80
u101	c81
u87	c82
u2597	c83
u2382	c84
u2354	c85
u2257	c86
g38605	c87
u2671	c88
u2481	c89
g40348	c8a
u1937	c8b
u2030	c8c
u78	c8d
u2425	c8e
g37053	c8f
g37726	c90
u2760	c91
u1975	c92
u1974	c93
g40143	c94
u1957	c95
g37581	c96
u161	c97
g38377	c98
g36671	c99
u99	c9a
u1923	c9b
u2117	c9c
u2114	c9d
u1958	c9e
u1962	c9f
u110	ca0
u2634	ca1
g38123	ca2
u2368	ca3
u106	ca4
g37348	ca5
u13	ca6
u2809	ca7
u16	ca8
u1867	ca9
g40328	caa
u62	cab
u141	cac
u2814	cad
u53	cae
u1946	caf
u2616	cb0
u102	cb1
u2653	cb2
g40511	cb3
u1907	cb4
g36549	cb5
u113	cb6
u1945	cb7
u21	cb8
g37294	cb9
u2513	cba
g39031	cbb
u2180	cbc
g36964	cbd
u2570	cbe
u2681	cbf
g36515	cc0
u117	cc1
u2234	cc2
u42	cc3
u2552	cc4
u2582	cc5
u2359	cc6
u2244	cc7
u2785	cc8
u154	cc9
g39782	cca
u2049	ccb
u2201	ccc
u2574	ccd
g40066	cce
u2001	ccf
u2002	cd0
g36542	cd1
u2646	cd2
g37277	cd3
u2517	cd4
u2040	cd5
u2185	cd6
u2826	cd7
u2446	cd8
u1934	cd9
u2212	cda
u2031	cdb
u2366	cdc
u2230	cdd
u65	cde
u2755	cdf
u45	ce0
u132	ce1
u136	ce2
g40368	ce3
u2027	ce4
u2190	ce5
u2104	ce6
u1942	ce7
u2837	ce8
u2812	ce9
g36601	cea
u1899	ceb
g37079	cec
u2213	ced
u96	cee
u2076	cef
u125	cf0
u2402	cf1
u2403	cf2
u1910	cf3
u2138	cf4
u133	cf5
u2818	cf6
u109	cf7
u2276	cf8
u2278	cf9
u2078	cfa
u2123	cfb
u2124	cfc
g38204	cfd
u1881	cfe
u2341	cff
u1995	d00
u2323	d01
u2786	d02
u2758	d03
g36527	d04
g38351	d05
u2292	d06
g40525	d07
u2406	d08
g40343	d09
g40053	d0a
u2005	d0b
u2013	d0c
g40451	d0d
u1925	d0e
u2782	d0f
u2449	d10
u2450	d11
u2186	d12
u2140	d13
u1976	d14
u86	d15
u17	d16
u2508	d17
u2364	d18
u1949	d19
u2524	d1a
u2028	d1b
u2822	d1c
g36485	d1d
u2630	d1e
u2604	d1f
u2314	d20
g36501	d21
u2443	d22
u153	d23
u2473	d24
u1865	d25
u28	d26
u2262	d27
u82	d28
u2670	d29
u2332	d2a
u2333	d2b
u2268	d2c
u1994	d2d
u22	d2e
u1929	d2f
u2705	d30
u1965	d31
u2456	d32
u4	d33
u2270	d34
u2059	d35
u2301	d36
u2047	d37
u44	d38
u2255	d39
u1914	d3a
u2202	d3b
u2820	d3c
u2320	d3d
u2858	d3e
g39557	d3f
u1904	d40
u2043	d41
u24	d42
u2074	d43
u2205	d44
u76	d45
u1922	d46
u1870	d47
u1859	d48
u2647	d49
u2793	d4a
u2151	d4b
g39158	d4c
u137	d4d
u2294	d4e
u2063	d4f
u2167	d50
g40450	d51
u1928	d52
g37046	d53
u2216	d54
g40324	d55
u1991	d56
u1992	d57
u2275	d58
g36649	d59
u2659	d5a
u2189	d5b
u2649	d5c
g38608	d5d
u2210	d5e
u2079	d5f
g39350	d60
u2357	d61
u1909	d62
g40518	d63
u2623	d64
g36482	d65
u122	d66
u1871	d67
u2736	d68
g38240	d69
u2327	d6a
u2036	d6b
g37793	d6c
u2045	d6d
u67	d6e
g38618	d6f
u2590	d70
u80	d71
u160	d72
u2362	d73
u2701	d74
g38211	d75
u2229	d76
u84	d77
g40599	d78
u10	d79
u2442	d7a
u150	d7b
u2751	d7c
u2377	d7d
u2811	d7e
u2211	d7f
u1891	d80
g38206	d81
u2340	d82
u1948	d83
u2642	d84
u7	d85
u2021	d86
u2222	d87
u2578	d88
g36680	d89
u98	d8a
u2073	d8b
u120	d8c
g36737	d8d
u91	d8e
u2115	d8f
g39345	d90
u2097	d91
u2742	d92
u2336	d93
u2435	d94
g36861	d95
u74	d96
u1876	d97
g39701	d98
u1905	d99
u2718	d9a
u2164	d9b
u1919	d9c
u2606	d9d
u2237	d9e
u2024	d9f
u2241	da0
g38659	da1
u2572	da2
u2109	da3
u1960	da4
u2054	da5
u2055	da6
u1889	da7
u1953	da8
u2650	da9
g36462	daa
u2637	dab
u2469	dac
g36587	dad
u2317	dae
u2721	daf
u130	db0
g40516	db1
u2321	db2
u59	db3
u2817	db4
u2056	db5
u2135	db6
u2610	db7
g38688	db8
u63	db9
u2252	dba
u2465	dbb
u2553	dbc
u1943	dbd
u2355	dbe
u2655	dbf
g37330	dc0
u15	dc1
u47	dc2
u2787	dc3
g37112	dc4
u2209	dc5
u2423	dc6
g37620	dc7
u2753	dc8
u2765	dc9
g40588	dca
u1874	dcb
u73	dcc
g36597	dcd
u1901	dce
u2072	dcf
u1950	dd0
u2750	dd1
g37866	dd2
u1971	dd3
u1866	dd4
g40576	dd5
u2153	dd6
u127	dd7
g37554	dd8
u2071	dd9
u70	dda
g40043	ddb
u2531	ddc
u1999	ddd
g36630	dde
u2618	ddf
g40514	de0
g37994	de1
u1993	de2
u2619	de3
u2652	de4
g39256	de5
u2145	de6
g36970	de7
g37832	de8
u2106	de9
u2305	dea
u2865	deb
g40379	dec
u2412	ded
u1883	dee
u1952	def
u2746	df0
u2848	df1
u2171	df2
u2369	df3
u2103	df4
u1921	df5
u2581	df6
g38745	df7
u2540	df8
u2666	df9
g37179	dfa
u2003	dfb
u2806	dfc
u2386	dfd
u2815	dfe
g36536	dff
u114	e00
u2627	e01
g39529	e02
u2095	e03
u2058	e04
u2603	e05
u1854	e06
g37744	e07
u18	e08
u1940	e09
u2048	e0a
u2624	e0b
u2460	e0c
u2337	e0d
u2242	e0e
g40144	e0f
u1954	e10
u2075	e11
g37029	e12
u2559	e13
u2754	e14
g37231	e15
u2533	e16
u2488	e17
u77	e18
u2672	e19
g36771	e1a
g36814	e1b
u2197	e1c
g37271	e1d
u2711	e1e
u12	e1f
u2722	e20
g40145	e21
u1983	e22
u2360	e23
u2083	e24
u2493	e25
g37288	e26
u2516	e27
g39045	e28
g38411	e29
u2273	e2a
u2126	e2b
g39778	e2c
u1947	e2d
g39351	e2e
u2091	e2f
u2365	e30
g38532	e31
u1927	e32
g38917	e33
u2194	e34
u2193	e35
u2295	e36
u2296	e37
u2311	e38
g37471	e39
u134	e3a
u2490	e3b
u2798	e3c
g36589	e3d
u2819	e3e
g38246	e3f
u2325	e40
g39700	e41
u2420	e42
u2565	e43
u2007	e44
u2223	e45
g39352	e46
u11	e47
u2023	e48
u1898	e49
u2330	e4a
u2110	e4b
u2152	e4c
u1988	e4d
u1969	e4e
u2032	e4f
g37048	e50
u2218	e51
u2667	e52
g36554	e53
g38759	e54
g37174	e55
g39846	e56
u2042	e57
g39018	e58
u2181	e59
u2863	e5a
u2184	e5b
u2283	e5c
u2877	e5d
g40065	e5e
g37178	e5f
u2029	e60
u2496	e61
u2797	e62
g36632	e63
u2617	e64
u2298	e65
u2869	e66
g40515	e67
u2025	e68
u2236	e69
u2160	e6a
u2256	e6b
g37880	e6c
u2239	e6d
u2731	e6e
u2099	e6f
u2261	e70
u2823	e71
u2302	e72
g37339	e73
u2719	e74
u2284	e75
g40447	e76
u2776	e77
g40316	e78
u2571	e79
u2744	e7a
u2431	e7b
u2191	e7c
u2468	e7d
u2183	e7e
g36859	e7f
u2675	e80
g37433	e81
u2082	e82
u75	e83
u2651	e84
g40700	e85
u1860	e86
g39056	e87
g40146	e88
u1886	e89
u2161	e8a
u2609	e8b
u2122	e8c
g36756	e8d
u2238	e8e
g40220	e8f
u1963	e90
u1964	e91
u2179	e92
u2584	e93
u2483	e94
u2418	e95
u2173	e96
g38823	e97
u1990	e98
u2267	e99
u2415	e9a
u2041	e9b
g40380	e9c
u23	e9d
u1862	e9e
u2476	e9f
u2500	ea0
u2834	ea1
u2564	ea2
g38657	ea3
u2227	ea4
u2228	ea5
u2111	ea6
u2451	ea7
g40140	ea8
u2318	ea9
u2883	eaa
u2687	eab
u2491	eac
u2322	ead
g38487	eae
u2308	eaf
u2830	eb0
g40312	eb1
g37103	eb2
u2547	eb3
u2407	eb4
g37289	eb5
u2515	eb6
u2200	eb7
u2497	eb8
u2168	eb9
u2536	eba
g38711	ebb
u2219	ebc
u2217	ebd
g39704	ebe
u2147	ebf
g37375	ec0
g40320	ec1
u56	ec2
g37669	ec3
u2467	ec4
u2530	ec5
u2342	ec6
u2381	ec7
u1902	ec8
u61	ec9
u2576	eca
u2035	ecb
g37950	ecc
u2282	ecd
g37929	ece
u2779	ecf
u2060	ed0
u2165	ed1
g38897	ed2
u2769	ed3
u2133	ed4
u2149	ed5
u2663	ed6
u118	ed7
g39148	ed8
u143	ed9
u2808	eda
u2215	edb
u2159	edc
u2761	edd
u2137	ede
g39994	edf
u2016	ee0
g36646	ee1
u1920	ee2
u2833	ee3
u2594	ee4
u2288	ee5
g39821	ee6
u2847	ee7
g37742	ee8
u2502	ee9
g37656	eea
u37	eeb
u2224	eec
u2838	eed
g40407	eee
u8	eef
u2070	ef0
u2455	ef1
u2260	ef2
u2775	ef3
u2461	ef4
u2174	ef5
u2144	ef6
u2280	ef7
u1966	ef8
u2569	ef9
u2856	efa
g37170	efb
u2009	efc
g36580	efd
g40430	efe
g40093	eff
u2240	f00
u2039	f01
g37333	f02
u2506	f03
g37296	f04
u2512	f05
g38199	f06
g37285	f07
g36506	f08
u2643	f09
u1896	f0a
u2112	f0b
g37173	f0c
u2708	f0d
u2810	f0e
g37270	f0f
u2522	f10
u2789	f11
g36524	f12
u2102	f13
u2125	f14
g40452	f15
g37743	f16
u72	f17
u2192	f18
u38	f19
u2783	f1a
u2345	f1b
u2831	f1c
u115	f1d
u1890	f1e
u2656	f1f
g36663	f20
u2662	f21
u2259	f22
u2730	f23
g36653	f24
u2661	f25
g38376	f26
g36651	f27
u2660	f28
g37068	f29
g37011	f2a
g39165	f2b
g36742	f2c
u90	f2d
u2601	f2e
u2567	f2f
u2840	f30
g40575	f31
g39984	f32
u2101	f33
u144	f34
g37109	f35
u2545	f36
u2657	f37
u1894	f38
g36869	f39
g36866	f3a
u2271	f3b
g37754	f3c
u2250	f3d
g36516	f3e
g38538	f3f
u1858	f40
g36677	f41
g39504	f42
u2764	f43
u2803	f44
u92	f45
u1998	f46
g36543	f47
u2625	f48
g38819	f49
u2448	f4a
u2203	f4b
u79	f4c
u1861	f4d
u2139	f4e
u1916	f4f
u2065	f50
u1986	f51
u2588	f52
u2703	f53
u2303	f54
u2827	f55
g37047	f56
u2691	f57
u2835	f58
u2724	f59
u2829	f5a
u2626	f5b
g36520	f5c
u1885	f5d
u2499	f5e
u2484	f5f
u2439	f60
g40410	f61
g39527	f62
u2648	f63
u2766	f64
g38380	f65
g40494	f66
u2644	f67
u2677	f68
g40141	f69
g36736	f6a
u2038	f6b
u1961	f6c
u2780	f6d
u2845	f6e
u2794	f6f
u2389	f70
g38898	f71
g39425	f72
g37509	f73
u2482	f74
g37521	f75
u2480	f76
u2458	f77
u1917	f78
u2253	f79
g36629	f7a
u2445	f7b
u2176	f7c
u1880	f7d
g40373	f7e
u103	f7f
u2044	f80
u2263	f81
u2583	f82
g37561	f83
u2860	f84
u2105	f85
g37545	f86
u2068	f87
g37449	f88
u2492	f89
u2376	f8a
g37325	f8b
u126	f8c
g37275	f8d
u2521	f8e
u2281	f8f
g37919	f90
g37544	f91
u2172	f92
u2131	f93
u2824	f94
u2037	f95
g36479	f96
u2631	f97
u1852	f98
u2732	f99
g40136	f9a
u2682	f9b
g38031	f9c
u2471	f9d
u2881	f9e
g36797	f9f
u2668	fa0
u2725	fa1
u2020	fa2
g39647	fa3
g40420	fa4
g37514	fa5
u2745	fa6
g37422	fa7
u2081	fa8
u2080	fa9
u2130	faa
g36733	fab
u2602	fac
g38880	fad
g40497	fae
g39507	faf
g36849	fb0
u2232	fb1
g40400	fb2
g40440	fb3
u1984	fb4
u1977	fb5
u2169	fb6
u2033	fb7
u1978	fb8
u2344	fb9
g37332	fba
g36958	fbb
g37695	fbc
u2747	fbd
u2290	fbe
u2542	fbf
u2177	fc0
u1869	fc1
u2851	fc2
u1973	fc3
g39334	fc4
u2361	fc5
g37693	fc6
g37439	fc7
u2735	fc8
u2673	fc9
g40459	fca
g39440	fcb
u1893	fcc
u2156	fcd
u0	fce
g37555	fcf
u2748	fd0
g37300	fd1
g39785	fd2
g38593	fd3
u2447	fd4
u2878	fd5
u2150	fd6
u2585	fd7
g40587	fd8
g38802	fd9
g37111	fda
u2119	fdb
g39260	fdc
u2432	fdd
g39001	fde
g40353	fdf
g37559	fe0
u2749	fe1
u2315	fe2
g40402	fe3
u2331	fe4
u64	fe5
g36959	fe6
u2628	fe7
u2599	fe8
g40462	fe9
g37837	fea
u2441	feb
u2697	fec
u131	fed
u2737	fee
u1853	fef
u2641	ff0
g36769	ff1
u2391	ff2
u2528	ff3
u2006	ff4
u1956	ff5
g39515	ff6
g40005	ff7
u2014	ff8
u25	ff9
u2523	ffa
g36882	ffb
u1967	ffc
g38713	ffd
u2235	ffe
u2248	fff
u2375	1000
g39052	1001
u2767	1002
u2352	1003
g38921	1004
u2414	1005
g36937	1006
u39	1007
g39783	1008
g40309	1009
g36862	100a
g39213	100b
u1895	100c
u1979	100d
u5	100e
u2358	100f
g37352	1010
u2022	1011
g37765	1012
u2182	1013
g36995	1014
u1985	1015
u2538	1016
g38760	1017
u2371	1018
u2306	1019
g37297	101a
u2511	101b
u2873	101c
g37180	101d
u2846	101e
g40219	101f
u1887	1020
u1888	1021
u2319	1022
u2399	1023
u1918	1024
u19	1025
u2195	1026
u2310	1027
u2587	1028
u1908	1029
u2064	102a
g38751	102b
u2208	102c
g39651	102d
g37740	102e
g38220	102f
g40322	1030
u2113	1031
g40046	1032
g38112	1033
u2373	1034
u2279	1035
u2518	1036
g36864	1037
u2121	1038
u2395	1039
u1930	103a
u2801	103b
g36606	103c
u2622	103d
u2759	103e
g37396	103f
u2729	1040
g37141	1041
u2679	1042
u2503	1043
g37914	1044
g38383	1045
u2880	1046
g38495	1047
g39053	1048
u2702	1049
g36622	104a
u2017	104b
g40342	104c
u2286	104d
g36463	104e
u2635	104f
g39318	1050
u2454	1051
g40387	1052
g36687	1053
u2636	1054
u2343	1055
u2685	1056
u2573	1057
u2378	1058
g40579	1059
g38772	105a
u2178	105b
u2299	105c
g40352	105d
u111	105e
u2258	105f
u2394	1060
u1944	1061
g40369	1062
u2251	1063
u2486	1064
g39218	1065
u2876	1066
g37888	1067
u2086	1068
g37804	1069
u2246	106a
g39779	106b
g37236	106c
u2859	106d
g40325	106e
u2813	106f
u2889	1070
g40495	1071
g39278	1072
u2621	1073
g36927	1074
g37671	1075
u2410	1076
g38277	1077
g39054	1078
g39101	1079
u2170	107a
g37116	107b
u2543	107c
g38626	107d
u2561	107e
g37282	107f
u2713	1080
u2887	1081
g37491	1082
u2061	1083
u2654	1084
u2868	1085
g37076	1086
u2694	1087
g37663	1088
u2770	1089
u2356	108a
u2802	108b
g39983	108c
u2613	108d
g39981	108e
u2886	108f
u2525	1090
u2464	1091
g40080	1092
g36704	1093
g36776	1094
g37060	1095
g39784	1096
u2398	1097
u2166	1098
u2529	1099
g36676	109a
u2608	109b
g40448	109c
u2546	109d
g37355	109e
u2723	109f
g39046	10a0
g39450	10a1
g40578	10a2
u2717	10a3
g36962	10a4
g37234	10a5
g38242	10a6
u2772	10a7
g40157	10a8
u2575	10a9
g37739	10aa
u2413	10ab
u2557	10ac
g39271	10ad
u2788	10ae
u2157	10af
u2494	10b0
u2372	10b1
u2796	10b2
g39461	10b3
g36831	10b4
u1935	10b5
u2093	10b6
g39763	10b7
u2057	10b8
u2866	10b9
g40405	10ba
g37122	10bb
u2541	10bc
u2805	10bd
u2434	10be
g39196	10bf
g38435	10c0
g38698	10c1
u2221	10c2
u2312	10c3
g40582	10c4
u2324	10c5
u2519	10c6
u2363	10c7
g38403	10c8
u2882	10c9
u2148	10ca
u2107	10cb
g38488	10cc
g40317	10cd
u2777	10ce
u151	10cf
g37806	10d0
u2245	10d1
g37093	10d2
u2551	10d3
u2427	10d4
g36874	10d5
u2676	10d6
g37707	10d7
u2580	10d8
g36688	10d9
u2247	10da
g38637	10db
g38038	10dc
u2385	10dd
g37037	10de
u2556	10df
g40372	10e0
g36684	10e1
u2756	10e2
g39160	10e3
u155	10e4
g40331	10e5
u50	10e6
g40302	10e7
u2832	10e8
g36654	10e9
u2612	10ea
g40366	10eb
u30	10ec
g36691	10ed
g37886	10ee
u2867	10ef
u2804	10f0
g37687	10f1
u2462	10f2
g36787	10f3
g38373	10f4
u2774	10f5
u2739	10f6
g40404	10f7
g40356	10f8
g38189	10f9
u2346	10fa
u2600	10fb
u2287	10fc
g38684	10fd
g38379	10fe
g38744	10ff
u2544	1100
u2874	1101
u2549	1102
u2428	1103
g39454	1104
u2509	1105
u1997	1106
g39447	1107
u2116	1108
g38895	1109
u2690	110a
u2335	110b
g36694	110c
g37292	110d
u2514	110e
g38580	110f
g40120	1110
u1987	1111
g37295	1112
u2495	1113
u2277	1114
g37783	1115
g36975	1116
u2684	1117
u2740	1118
g36692	1119
u2615	111a
g37049	111b
u2390	111c
g39269	111d
u2470	111e
g37257	111f
u2680	1120
g37784	1121
u66	1122
u1972	1123
g36679	1124
u2595	1125
g36766	1126
g37964	1127
u2792	1128
u2404	1129
g37404	112a
g40577	112b
g39781	112c
g38813	112d
g37592	112e
u2472	112f
u2664	1130
u2309	1131
g36876	1132
g39435	1133
u2773	1134
u2888	1135
g40308	1136
g40534	1137
g38874	1138
g37278	1139
g37255	113a
g39417	113b
u2396	113c
u2026	113d
u2510	113e
g40389	113f
g37119	1140
u2204	1141
g37614	1142
g37838	1143
g40313	1144
g38359	1145
g40214	1146
g39287	1147
g39649	1148
g40388	1149
g36917	114a
u2347	114b
g36891	114c
g37171	114d
u2741	114e
u2388	114f
u2698	1150
u2763	1151
u2872	1152
u2466	1153
g40349	1154
u2821	1155
u2329	1156
g37094	1157
u2696	1158
u2596	1159
u2871	115a
u2554	115b
g39613	115c
g37694	115d
g37252	115e
g38429	115f
g37136	1160
u2537	1161
g38372	1162
u1864	1163
u2727	1164
g40307	1165
u2716	1166
g38425	1167
u2885	1168
g39049	1169
g38546	116a
g37207	116b
u2726	116c
u2720	116d
u2800	116e
g38628	116f
g38903	1170
u2304	1171
g40326	1172
g37291	1173
g36579	1174
g37177	1175
g37324	1176
u2452	1177
g36605	1178
g39419	1179
u2768	117a
g37217	117b
u2527	117c
g37166	117d
u2539	117e
g40415	117f
u1903	1180
g38357	1181
g36974	1182
u2566	1183
g40319	1184
g36801	1185
u2593	1186
u2338	1187
u2334	1188
u2489	1189
u2507	118a
u2401	118b
g40350	118c
u2094	118d
g40060	118e
g36494	118f
g37233	1190
g36540	1191
g36588	1192
g36996	1193
u2791	1194
u2520	1195
g38205	1196
u2850	1197
g39105	1198
g38203	1199
u2849	119a
u2686	119b
g39309	119c
u2214	119d
u2400	119e
u2633	119f
g36966	11a0
u2854	11a1
g40187	11a2
g38419	11a3
u2843	11a4
u2429	11a5
u2419	11a6
u2632	11a7
u2842	11a8
g39822	11a9
u2733	11aa
u2300	11ab
g39258	11ac
u2857	11ad
g37248	11ae
u2674	11af
g38761	11b0
g40061	11b1
u2421	11b2
g40363	11b3
g39985	11b4
u2328	11b5
u2864	11b6
u2463	11b7
g40346	11b8
u2853	11b9
g39329	11ba
g37276	11bb
u2712	11bc
g38896	11bd
u2757	11be
g36699	11bf
u2605	11c0
g40439	11c1
g37868	11c2
u2714	11c3
g38588	11c4
g40332	11c5
u2453	11c6
g39147	11c7
g39695	11c8
u2477	11c9
g38458	11ca
g40395	11cb
g37124	11cc
u2825	11cd
g37342	11ce
u2504	11cf
g37775	11d0
g37426	11d1
u2734	11d2
g40121	11d3
g37117	11d4
u2700	11d5
g40062	11d6
u1875	11d7
g40314	11d8
g39145	11d9
u145	11da
u2424	11db
g39405	11dc
g39776	11dd
g40385	11de
g37235	11df
g39048	11e0
g37169	11e1
g37502	11e2
u2645	11e3
g38586	11e4
u2598	11e5
g40338	11e6
g36469	11e7
u2474	11e8
g39696	11e9
u2715	11ea
g36682	11eb
g37676	11ec
g38754	11ed
u2781	11ee
u2289	11ef
g37293	11f0
g40339	11f1
u2498	11f2
g40583	11f3
u2316	11f4
g38492	11f5
g36665	11f6
g38493	11f7
g37113	11f8
g37411	11f9
u2370	11fa
u2285	11fb
u2839	11fc
g40333	11fd
g36560	11fe
u2589	11ff
g37682	1200
u2154	1201
u2607	1202
g40362	1203
g38714	1204
u2586	1205
g38497	1206
g40142	1207
u2162	1208
g39155	1209
g39203	120a
g39546	120b
g37115	120c
g39670	120d
g38542	120e
g40438	120f
u1868	1210
g36960	1211
g39982	1212
g39938	1213
g39526	1214
u2379	1215
g38607	1216
u2879	1217
g39424	1218
g37016	1219
g36920	121a
g40330	121b
u2844	121c
u2862	121d
g37024	121e
u2560	121f
u2436	1220
g37794	1221
g38244	1222
u2326	1223
u2548	1224
g40180	1225
g40305	1226
u2555	1227
g36618	1228
u2620	1229
u2762	122a
g37175	122b
g36973	122c
u2683	122d
u2348	122e
u2611	122f
u2695	1230
g37143	1231
g40347	1232
g36638	1233
u2562	1234
g37165	1235
u2706	1236
g38706	1237
g37354	1238
u48	1239
u2710	123a
g40345	123b
g39314	123c
u1931	123d
g37298	123e
u2790	123f
u2577	1240
u2861	1241
g39522	1242
g40154	1243
u2349	1244
g37110	1245
g36734	1246
u2638	1247
u2422	1248
g40358	1249
g40300	124a
g40584	124b
u2351	124c
g40568	124d
g39047	124e
u2430	124f
g38486	1250
g36602	1251
g40306	1252
g40329	1253
u51	1254
g36980	1255
u2699	1256
g36591	1257
g36913	1258
g39055	1259
g37004	125a
u2563	125b
u2478	125c
u2807	125d
u2629	125e
g37168	125f
g40067	1260
u2841	1261
g38574	1262
g37323	1263
g36878	1264
g40182	1265
g38849	1266
u2707	1267
g37340	1268
u2505	1269
u2501	126a
u2291	126b
g37005	126c
u2688	126d
g40580	126e
u2875	126f
g38548	1270
g40360	1271
g39528	1272
g40523	1273
g37500	1274
u2743	1275
g40426	1276
g37589	1277
u2795	1278
g37558	1279
u2678	127a
g40376	127b
g37142	127c
u2175	127d
g39446	127e
g37031	127f
u2558	1280
u2870	1281
g37290	1282
u2350	1283
g40612	1284
u2855	1285
g37051	1286
g36765	1287
u2393	1288
g38171	1289
u2640	128a
g36774	128b
g40527	128c
g39019	128d
u2479	128e
u2693	128f
u2307	1290
g38752	1291
u1955	1292
u2852	1293
g37751	1294
g40359	1295
u2457	1296
u2293	1297
g39502	1298
u2738	1299
u2709	129a
g40310	129b
u2704	129c
g38629	129d
g38314	129e
g40321	129f
g36650	12a0
u2579	12a1
g40185	12a2
g37761	12a3
g37205	12a4
u2532	12a5
g39654	12a6
g37050	12a7
g38039	12a8
u2816	12a9
g37762	12aa
u2487	12ab
g40445	12ac
u2297	12ad
u2392	12ae
allWordsCapitalized	12af
hasAlphanumericWord	12b0
coursePage	12b1
hasNeighborhood	12b2
processor	12b3
intern	12b4
due	12b5
call	12b6
low	12b7
show	12b8
specif	12b9
hinshaw	12ba
practic	12bb
line	12bc
file	12bd
goal	12be
tree	12bf
primari	12c0
toler	12c1
provid	12c2
board	12c3
updat	12c4
profil	12c5
written	12c6
usa	12c7
random	12c8
finish	12c9
team	12ca
nov	12cb
built	12cc
close	12cd
investig	12ce
phd	12cf
larg	12d0
summer	12d1
develop	12d2
improv	12d3
part	12d4
symposium	12d5
feel	12d6
major	12d7
colleg	12d8
acm	12d9
joint	12da
prior	12db
left	12dc
http	12dd
plai	12de
equip	12df
modifi	12e0
copi	12e1
make	12e2
includ	12e3
bit	12e4
check	12e5
move	12e6
present	12e7
ll	12e8
find	12e9
fault	12ea
thing	12eb
special	12ec
edit	12ed
approxim	12ee
similar	12ef
receiv	12f0
decemb	12f1
put	12f2
june	12f3
latex	12f4
late	12f5
faculti	12f6
direct	12f7
thesi	12f8
mon	12f9
degre	12fa
ve	12fb
experiment	12fc
explor	12fd
number	12fe
credit	12ff
lot	1300
weld	1301
properti	1302
guest	1303
independ	1304
state	1305
mark	1306
lead	1307
march	1308
mountain	1309
live	130a
principl	130b
tr	130c
wong	130d
life	130e
fiuczynski	130f
kaplan	1310
case	1311
nation	1312
give	1313
wednesdai	1314
begin	1315
author	1316
respons	1317
meet	1318
maintain	1319
extend	131a
free	131b
frequent	131c
ad	131d
result	131e
programm	131f
mari	1320
marco	1321
start	1322
stamm	1323
hope	1324
ftp	1325
docum	1326
annual	1327
solv	1328
made	1329
cluster	132a
email	132b
copyright	132c
runtim	132d
novemb	132e
place	132f
knowledg	1330
pm	1331
dec	1332
oct	1333
size	1334
arrai	1335
produc	1336
small	1337
proceed	1338
april	1339
requir	133a
adapt	133b
represent	133c
format	133d
land	133e
chen	133f
found	1340
gamelan	1341
enjoi	1342
top	1343
order	1344
real	1345
taught	1346
pass	1347
harold	1348
fridai	1349
publish	134a
theori	134b
end	134c
mondai	134d
propos	134e
dr	134f
measur	1350
hardwar	1351
router	1352
februari	1353
solomon	1354
asynchron	1355
prototyp	1356
idea	1357
locat	1358
electron	1359
kernel	135a
advisor	135b
cach	135c
decision	135d
head	135e
lane	135f
term	1360
octob	1361
supervis	1362
cad	1363
main	1364
space	1365
type	1366
young	1367
study	1368
understand	1369
latenc	136a
view	136b
chapter	136c
symbol	136d
address	136e
execut	136f
techniqu	1370
emer	1371
creat	1372
van	1373
workstat	1374
involv	1375
complex	1376
organ	1377
url	1378
balanc	1379
al	137a
origin	137b
anthoni	137c
talk	137d
physic	137e
foundat	137f
cooper	1380
protocol	1381
vlsi	1382
job	1383
formal	1384
chip	1385
spent	1386
semest	1387
focus	1388
tao	1389
chang	138a
compon	138b
browser	138c
control	138d
ann	138e
feb	138f
long	1390
manipul	1391
statem	1392
qualiti	1393
jun	1394
complet	1395
share	1396
ka	1397
multimedia	1398
failur	1399
yee	139a
shaw	139b
full	139c
platform	139d
edward	139e
express	139f
region	13a0
rai	13a1
hand	13a2
chung	13a3
septemb	13a4
brows	13a5
fountain	13a6
department	13a7
nguyen	13a8
login	13a9
appli	13aa
reflect	13ab
de	13ac
daniel	13ad
wai	13ae
individu	13af
august	13b0
subdirectori	13b1
neural	13b2
isaac	13b3
point	13b4
institut	13b5
jose	13b6
secur	13b7
gt	13b8
sep	13b9
microsoft	13ba
brown	13bb
campu	13bc
tue	13bd
natur	13be
law	13bf
jr	13c0
obtain	13c1
nbsp	13c2
jul	13c3
administr	13c4
scout	13c5
effici	13c6
packag	13c7
lt	13c8
borland	13c9
jan	13ca
facultyPage	13cb
has	13cc
connect	13cd
fri	13ce
post	13cf
expect	13d0
exampl	13d1
reduc	13d2
tabl	13d3
content	13d4
button	13d5
gmt	13d6
todai	13d7
determin	13d8
ncsa	13d9
color	13da
thu	13db
subject	13dc
track	13dd
node	13de
output	13df
west	13e0
hard	13e1
switch	13e2
aug	13e3
u88	13e4
interpret	13e5
demonstr	13e6
load	13e7
faq	13e8
menu	13e9
accept	13ea
wed	13eb
purpos	13ec
societi	13ed
cost	13ee
int	13ef
length	13f0
defin	13f1
tuesdai	13f2
directli	13f3
great	13f4
block	13f5
sort	13f6
task	13f7
box	13f8
fact	13f9
handl	13fa
wait	13fb
regular	13fc
product	13fd
st	13fe
word	13ff
column	1400
flow	1401
statist	1402
approach	1403
mechan	1404
shown	1405
domain	1406
cpu	1407
binari	1408
translat	1409
util	140a
request	140b
doubl	140c
background	140d
alloc	140e
compar	140f
charact	1410
citi	1411
storag	1412
disk	1413
action	1414
algebra	1415
add	1416
limit	1417
integ	1418
ieee	1419
elem	141a
apr	141b
input	141c
concept	141d
exist	141e
press	141f
rang	1420
submit	1421
screen	1422
scale	1423
assum	1424
save	1425
sundai	1426
ibm	1427
pst	1428
global	1429
total	142a
short	142b
position	142c
compress	142d
match	142e
combin	142f
step	1430
log	1431
juli	1432
byte	1433
math	1434
avoid	1435
examin	1436
record	1437
displai	1438
valu	1439
fax	143a
download	143b
stack	143c
ca	143d
choos	143e
describ	143f
phone	1440
increas	1441
cc	1442
graph	1443
minut	1444
queue	1445
initi	1446
circuit	1447
score	1448
differ	1449
u1565	144a
id	144b
argum	144c
doesn	144d
scheme	144e
train	144f
calcul	1450
tompa	1451
miss	1452
identifi	1453
depend	1454
behavior	1455
account	1456
fast	1457
string	1458
compani	1459
januari	145a
count	145b
simpl	145c
consist	145d
mime	145e
correct	145f
definit	1460
tcl	1461
human	1462
editor	1463
sens	1464
induct	1465
layer	1466
york	1467
pc	1468
equal	1469
devic	146a
u4150	146b
multipl	146c
procedur	146d
u4148	146e
rule	146f
u68	1470
proof	1471
singl	1472
rate	1473
man	1474
modul	1475
leav	1476
figur	1477
bug	1478
client	1479
variabl	147a
unit	147b
semant	147c
path	147d
sequenc	147e
fortran	147f
repres	1480
paramet	1481
option	1482
iter	1483
enter	1484
titl	1485
letter	1486
u1790	1487
period	1488
bound	1489
pp	148a
u4149	148b
command	148c
consult	148d
item	148e
install	148f
cornell	1490
transfer	1491
futur	1492
san	1493
u4132	1494
partial	1495
hill	1496
particl	1497
wi	1498
mit	1499
u466	149a
vector	149b
prove	149c
u3817	149d
ruzzo	149e
u4151	149f
error	14a0
signal	14a1
coordin	14a2
mar	14a3
deriv	14a4
u1715	14a5
u1704	14a6
equat	14a7
robot	14a8
synchron	14a9
retriev	14aa
theorem	14ab
continu	14ac
condition	14ad
loop	14ae
print	14af
refin	14b0
thursdai	14b1
releas	14b2
thread	14b3
true	14b4
side	14b5
street	14b6
amount	14b7
averag	14b8
regist	14b9
u1078	14ba
transact	14bb
u3234	14bc
open	14bd
mpeg	14be
u9	14bf
surfac	14c0
remov	14c1
pattern	14c2
break	14c3
motion	14c4
madison	14c5
cycl	14c6
wisconsin	14c7
u704	14c8
cell	14c9
void	14ca
texa	14cb
multiprocessor	14cc
cern	14cd
u716	14ce
shape	14cf
award	14d0
vol	14d1
u807	14d2
u1548	14d3
sign	14d4
ident	14d5
ut	14d6
atm	14d7
ec	14d8
u3061	14d9
detect	14da
u1741	14db
appoint	14dc
u3175	14dd
frame	14de
char	14df
sum	14e0
buffer	14e1
u513	14e2
proc	14e3
declar	14e4
austin	14e5
u3776	14e6
u3857	14e7
u3528	14e8
wisc	14e9
u1516	14ea
u204	14eb
mode	14ec
ny	14ed
u557	14ee
u1805	14ef
u1056	14f0
u3122	14f1
u2931	14f2
u2978	14f3
u875	14f4
u1484	14f5
utexa	14f6
u524	14f7
u3816	14f8
u899	14f9
tx	14fa
u3746	14fb
u1140	14fc
geometri	14fd
u308	14fe
shore	14ff
u169	1500
u930	1501
u3093	1502
u1124	1503
u1446	1504
u186	1505
u3208	1506
u1670	1507
qualit	1508
cpp	1509
u1182	150a
u2953	150b
u1552	150c
horu	150d
u3976	150e
sp	150f
u439	1510
const	1511
u3827	1512
u1606	1513
u3147	1514
u1228	1515
u1108	1516
u3426	1517
u491	1518
u1070	1519
u3317	151a
u1120	151b
u2921	151c
ithaca	151d
u540	151e
u3684	151f
u1525	1520
u1069	1521
u1514	1522
u1447	1523
u918	1524
u3047	1525
u705	1526
u2975	1527
u3277	1528
u2989	1529
u1299	152a
matlab	152b
u3867	152c
u1074	152d
u1612	152e
u3993	152f
u1758	1530
u1679	1531
u2983	1532
u1583	1533
u1437	1534
u1690	1535
u1797	1536
u489	1537
u939	1538
u3021	1539
researchProjectPage	153a
studentPage	153b
departmentOf	153c
course	153d
faculty	153e
researchProject	153f
instructorsOf	1540
membersOfProject	1541
